,h,exp_ut,ut,probs
0,0.025,0.0,1.0,0.0
1,0.03,0.2751391721754562,0.8895543878934891,0.3093
2,0.035,0.38986096301920536,0.7789429830553555,0.5005
3,0.04,0.434708498118392,0.6681655366098863,0.6506
4,0.045,0.4186964599998725,0.5572217993077888,0.7514
5,0.05,0.35653232800326173,0.44611152152560274,0.7992
6,0.055,0.28487715283799975,0.3348344532651619,0.8508
7,0.06,0.20076090229030713,0.22339034415300668,0.8987
8,0.065,0.10618999626786099,0.11177894343985369,0.95
9,0.07,0.0,0.0,0.9743
