,h,exp_ut,ut,probs
0,0.025,0.0,1.0,0.0
1,0.03,0.020548706360339595,0.8895543878934891,0.0231
2,0.035,0.038713466257851166,0.7789429830553555,0.0497
3,0.04,0.06842015094885236,0.6681655366098863,0.1024
4,0.045,0.08202304885810652,0.5572217993077888,0.1472
5,0.05,0.0883746924142219,0.44611152152560274,0.1981
6,0.055,0.10051730287020162,0.3348344532651619,0.3002
7,0.06,0.10077138424742131,0.22339034415300668,0.4511
8,0.065,0.07372939109292749,0.11177894343985369,0.6596
9,0.07,0.0,0.0,0.9498
