,n_comp,h,exp_ut,ut,probs
0,10,0.025,0.0,1.0,0.0
1,10,0.03,0.0,0.8895543878934891,0.0
2,10,0.035,0.0,0.7789429830553555,0.0
3,10,0.04,0.0,0.6681655366098863,0.0
4,10,0.045,0.0010029992387540199,0.5572217993077888,0.0018
5,10,0.05,0.012580344907021998,0.44611152152560274,0.0282
6,10,0.055,0.036999207085800394,0.3348344532651619,0.1105
7,10,0.06,0.0767792612853884,0.22339034415300668,0.3437
8,10,0.065,0.0660837113616415,0.11177894343985369,0.5912
9,10,0.07,0.0,0.0,1.0
