,h,exp_ut,ut,probs
0,0.025,0.0,1.0,0.0
1,0.03,0.04317896998834996,0.8895543878934891,0.04854
2,0.035,0.11771386359932533,0.7789429830553555,0.15112
3,0.04,0.23419870223713124,0.6681655366098863,0.35051
4,0.045,0.3076588720518094,0.5572217993077888,0.55213
5,0.05,0.29084686757383194,0.44611152152560274,0.65196
6,0.055,0.2512631220747102,0.3348344532651619,0.75041
7,0.06,0.1902168780462852,0.22339034415300668,0.8515
8,0.065,0.1006166981479499,0.11177894343985369,0.90014
9,0.07,0.0,0.0,0.94964
