,n_comp,h,exp_ut,ut,probs
0,1,0.025,0.0,1.0,0.0
1,1,0.03,0.01779108775786978,0.8895543878934891,0.02
2,1,0.035,0.11684144745830331,0.7789429830553555,0.15
3,1,0.04,0.24722124854565794,0.6681655366098863,0.37
4,1,0.045,0.3733386055362185,0.5572217993077888,0.67
5,1,0.05,0.31673918028317793,0.44611152152560274,0.71
6,1,0.055,0.2578225290141747,0.3348344532651619,0.77
7,1,0.06,0.20105130973770602,0.22339034415300668,0.9
8,1,0.065,0.10618999626786099,0.11177894343985369,0.95
9,1,0.07,0.0,0.0,1.0
