,h,exp_ut,ut,probs
0,0.025,0.0,1.0,0.0
1,0.03,0.03852883164973987,0.8756552647668153,0.044
2,0.035,0.10515734214621766,0.7511238724729833,0.14
3,0.04,0.21736272339421592,0.6264055429228125,0.347
4,0.045,0.2753234975295102,0.5014999955000186,0.549
5,0.05,0.2657433061119457,0.3764069491670619,0.706
6,0.055,0.2124526996050026,0.2511261224645421,0.846
7,0.06,0.11748951333235085,0.12565723351053565,0.935
8,0.065,0.0,0.0,1.0
