,n_comp,h,exp_ut,ut,probs
0,12,0.025,0.0,1.0,0.0
1,12,0.03,0.0,0.8895543878934891,0.0
2,12,0.035,0.0,0.7789429830553555,0.0
3,12,0.04,0.0,0.6681655366098863,0.0
4,12,0.045,0.0002786108996538944,0.5572217993077888,0.0005
5,12,0.05,0.006245561301358438,0.44611152152560274,0.014
6,12,0.055,0.022299974587459786,0.3348344532651619,0.0666
7,12,0.06,0.0636439090491916,0.22339034415300668,0.2849
8,12,0.065,0.060315917880145044,0.11177894343985369,0.5396
9,12,0.07,0.0,0.0,1.0
